546.48,1290
546.481,1398
546.481,1398
546.481,1400
546.482,1390
546.483,1486
546.483,1624
546.484,1524
546.484,1570
546.485,1712
546.485,1628
546.486,1854
546.486,1800
546.486,1980
546.487,2154
546.488,2374
546.488,2450
546.489,2680
546.489,2758
546.49,3288
546.49,3428
546.49,3560
546.491,4184
546.491,4630
546.492,5362
546.493,5702
546.493,6304
546.494,7038
546.494,7912
546.495,8738
546.495,9832
546.495,10730
546.496,11948
546.496,12856
546.497,14078
546.498,15926
546.498,17050
546.499,18654
546.499,19854
546.5,21216
546.5,23708
546.5,25720
546.501,26498
546.501,29358
546.502,30682
546.503,33300
546.503,34928
546.504,36478
546.504,38024
546.505,39376
546.505,41882
546.505,43356
546.506,44774
546.507,46206
546.507,46470
546.508,47608
546.508,48756
546.509,49770
546.509,49444
546.51,49240
546.51,49678
546.51,48846
546.511,47516
546.512,47062
546.512,45910
546.513,44772
546.513,43146
546.514,41436
546.514,39764
546.514,38020
546.515,37230
546.515,34350
546.516,31708
546.517,30734
546.517,29188
546.518,27084
546.518,25344
546.519,23210
546.519,21878
546.519,20840
546.52,19164
546.52,18486
546.521,17834
546.522,16412
546.522,16380
546.523,16008
546.523,16562
546.524,16322
546.524,16984
546.524,17718
546.525,18272
546.525,19516
546.526,21086
546.527,22342
546.527,23744
546.528,25306
546.528,27606
546.529,29216
546.529,31230
546.529,32862
546.53,35534
546.531,36822
546.531,37958
546.532,39622
546.532,40706
546.533,42430
546.533,43810
546.534,45504
546.534,45420
546.534,46370
546.535,47174
546.536,47382
546.536,47224
546.537,47714
546.537,47010
546.538,45900
546.538,45496
546.538,44896
546.539,44042
546.539,42816
546.54,41236
546.541,39124
546.541,38676
546.542,37284
546.542,35028
546.543,33456
546.543,31910
546.543,30162
546.544,28936
546.544,27522
546.545,25334
546.546,24194
546.546,22318
546.547,21652
546.547,19698
546.548,18604
546.548,16522
546.548,15960
546.549,14832
546.549,13654
546.55,12592
546.551,11316
546.551,10484
546.552,9936
546.552,8934
546.553,8676
546.553,7810
546.553,6968
546.554,6172
546.554,6076
546.555,5442
546.556,5056
546.556,4330
546.557,3962
546.557,3810
546.558,3478
546.558,3124
546.558,2910
546.559,2700
546.56,2584
546.56,2260
546.561,2234
546.561,1998
546.562,1918
546.562,1744
546.562,1684
546.563,1468
546.563,1430
546.564,1364
546.565,1200
546.565,1112
546.566,1012
546.566,1044
546.567,888
546.567,872
546.567,716
546.568,792
546.568,784
546.569,724
546.57,606
546.57,652
546.571,614
546.571,612
546.572,562
546.572,528
546.572,462
546.573,532
546.573,410
546.574,438
546.575,422
546.575,442
546.576,420
546.576,416
546.577,382
546.577,412
546.577,396
546.578,406
546.578,382
546.579,366
546.58,392
546.58,360
